model,precision_at_k,recall_at_k,ndcg_at_k,map_at_k,coverage,eval_users
hybrid_switching_th_3,0.12000000000000002,1.0,0.4998436725543044,0.340952380952381,1.0,10
hybrid_switching_th_5,0.12000000000000002,1.0,0.45202960467526393,0.28190476190476194,1.0,10
hybrid_switching_th_10,0.12000000000000002,1.0,0.45202960467526393,0.28190476190476194,1.0,10
hybrid_switching_th_15,0.12000000000000002,1.0,0.45202960467526393,0.28190476190476194,1.0,10
