model,precision_at_k,recall_at_k,ndcg_at_k,map_at_k,coverage,eval_users
content_tfidf,0.12000000000000002,1.0,0.45202960467526393,0.28190476190476194,1.0,10
content_bow,0.12000000000000002,1.0,0.44655107375095443,0.2745238095238095,1.0,10
content_tfidf_lemmatized,0.12000000000000002,1.0,0.45202960467526393,0.28190476190476194,1.0,10
