model,precision_at_k,recall_at_k,ndcg_at_k,map_at_k,coverage,eval_users
hybrid_weighted_alpha_0.3,0.12000000000000002,1.0,0.5066053955176864,0.3509523809523809,1.0,10
hybrid_weighted_alpha_0.5,0.12000000000000002,1.0,0.5452906762411406,0.40095238095238084,1.0,10
hybrid_weighted_alpha_0.6,0.12000000000000002,1.0,0.5495412236221544,0.40928571428571425,1.0,10
hybrid_weighted_alpha_0.7,0.12000000000000002,1.0,0.5495412236221544,0.40928571428571425,1.0,10
hybrid_weighted_alpha_0.9,0.12000000000000002,1.0,0.5495412236221544,0.40928571428571425,1.0,10
