model,precision_at_k,recall_at_k,ndcg_at_k,map_at_k,coverage,eval_users
hybrid_weighted_tuned,0.12000000000000002,1.0,0.5495412236221544,0.40928571428571425,1.0,10
hybrid_switching_tuned,0.12000000000000002,1.0,0.4998436725543044,0.340952380952381,1.0,10
